"page","state","section","content","views","avg_time"
"Gender","Wyoming","","",3,9
"Gender","Connecticut","","",25,17.6363636363636
"Gender","Maryland","","",75,20.655737704918
"Gender","Georgia","","",131,23.1666666666667
"Gender","Illinois","","",324,22.6911196911197
"Gender","West Virginia","","",14,11.0714285714286
"Gender","Kentucky","","",18,15.5
"Gender","Vermont","","",7,9.57142857142857
"Gender","Ohio","","",129,18.4468085106383
"Gender","Montana","","",6,24
"Gender","New Hampshire","","",18,17.8
"Gender","Arizona","","",81,19.9855072463768
"Gender","North Carolina","","",118,19.9058823529412
"Gender","Arkansas","","",17,29.25
"Gender","New Jersey","","",74,34.9433962264151
"Gender","Colorado","","",113,23.4269662921348
"Gender","Delaware","","",2,6.5
"Gender","Rhode Island","","",10,40.6666666666667
"Gender","Massachusetts","","",142,22.7840909090909
"Gender","Louisiana","","",17,13.3333333333333
"Gender","Alabama","","",43,40.9259259259259
"Gender","Idaho","","",11,17.1818181818182
"Gender","North Dakota","","",8,42.3333333333333
"Gender","New York","","",403,17.968152866242
"Gender","Washington","","",135,25.2626262626263
"Gender","Texas","","",221,21.8388888888889
"Gender","Oklahoma","","",30,26.2380952380952
"Gender","Maine","","",20,19.4736842105263
"Gender","Alaska","","",12,17.5714285714286
"Gender","Nebraska","","",10,14.625
"Gender","Florida","","",142,19.7438016528926
"Gender","Wisconsin","","",48,18.375
"Gender","Hawaii","","",7,46.3333333333333
"Gender","South Carolina","","",17,14.0714285714286
"Gender","Mississippi","","",5,9.8
"Gender","Missouri","","",69,23.5116279069767
"Gender","Oregon","","",152,30.214953271028
"Gender","Tennessee","","",44,28.2162162162162
"Gender","Minnesota","","",47,19.5128205128205
"Gender","Pennsylvania","","",169,19.904347826087
"Gender","California","","",577,19.9422222222222
"Gender","Iowa","","",13,25.4444444444444
"Gender","Kansas","","",16,12.9375
"Gender","South Dakota","","",4,37.6666666666667
"Gender","Michigan","","",152,32.5393258426966
"Gender","Nevada","","",13,8.66666666666667
"Gender","New Mexico","","",13,34.2307692307692
"Gender","Indiana","","",73,20.6170212765957
"Gender","Virginia","","",101,26.4431818181818
"Gender","Utah","","",36,25.0322580645161
"Gender","Wyoming","Support","Activity",1,64
"Gender","Rhode Island","Support","Activity",2,16
"Gender","Mississippi","Support","Activity",2,6.5
"Gender","Tennessee","Support","Activity",14,22.7272727272727
"Gender","Pennsylvania","Support","Activity",45,19.6315789473684
"Gender","New Mexico","Support","Activity",4,16
"Gender","New Hampshire","Support","Activity",4,13.3333333333333
"Gender","Kansas","Support","Activity",2,14.5
"Gender","Oregon","Support","Activity",22,21.9473684210526
"Gender","South Carolina","Support","Activity",4,21
"Gender","South Dakota","Support","Activity",1,20
"Gender","Michigan","Support","Activity",27,47.8636363636364
"Gender","Colorado","Support","Activity",24,14.5714285714286
"Gender","North Carolina","Support","Activity",26,42.7
"Gender","Maine","Support","Activity",2,28.5
"Gender","Connecticut","Support","Activity",9,19.7777777777778
"Gender","Maryland","Support","Activity",14,11.0833333333333
"Gender","Oklahoma","Support","Activity",6,37.1666666666667
"Gender","Ohio","Support","Activity",25,31.25
"Gender","Iowa","Support","Activity",2,31
"Gender","Missouri","Support","Activity",23,12.85
"Gender","Nebraska","Support","Activity",5,15.3333333333333
"Gender","Wisconsin","Support","Activity",9,8.9
"Gender","Utah","Support","Activity",8,25.7777777777778
"Gender","Texas","Support","Activity",52,17.804347826087
"Gender","Louisiana","Support","Activity",4,18.8
"Gender","Nevada","Support","Activity",5,9.4
"Gender","Hawaii","Support","Activity",1,13
"Gender","North Dakota","Support","Activity",1,25
"Gender","Montana","Support","Activity",1,1
"Gender","New Jersey","Support","Activity",11,12.2
"Gender","Alabama","Support","Activity",9,10.25
"Gender","Washington","Support","Activity",38,16.6666666666667
"Gender","Virginia","Support","Activity",28,17.2962962962963
"Gender","Arizona","Support","Activity",20,14.6315789473684
"Gender","Kentucky","Support","Activity",4,7
"Gender","Alaska","Support","Activity",1,12
"Gender","West Virginia","Support","Activity",3,55
"Gender","Idaho","Support","Activity",3,35
"Gender","New York","Support","Activity",73,15.2537313432836
"Gender","Arkansas","Support","Activity",3,3.33333333333333
"Gender","Minnesota","Support","Activity",3,22.3333333333333
"Gender","Indiana","Support","Activity",16,19
"Gender","Delaware","Support","Activity",1,51
"Gender","Massachusetts","Support","Activity",28,15.9166666666667
"Gender","Illinois","Support","Activity",76,14.0289855072464
"Gender","Florida","Support","Activity",29,15.5
"Gender","Georgia","Support","Activity",38,12
"Gender","California","Support","Activity",99,16.8139534883721
"Gender","New Hampshire","Support","Learn",2,3
"Gender","Hawaii","Support","Learn",2,27
"Gender","Louisiana","Support","Learn",2,12
"Gender","Vermont","Support","Learn",1,3
"Gender","Nebraska","Support","Learn",2,6.33333333333333
"Gender","Michigan","Support","Learn",32,8.55
"Gender","Pennsylvania","Support","Learn",30,15.1363636363636
"Gender","South Dakota","Support","Learn",1,32
"Gender","Texas","Support","Learn",30,10.6428571428571
"Gender","Ohio","Support","Learn",18,6.5
"Gender","Oregon","Support","Learn",22,13.375
"Gender","Missouri","Support","Learn",14,11
"Gender","Wisconsin","Support","Learn",8,6.57142857142857
"Gender","Minnesota","Support","Learn",1,1
"Gender","New Jersey","Support","Learn",5,29
"Gender","Maine","Support","Learn",1,11
"Gender","New York","Support","Learn",61,9.30188679245283
"Gender","Maryland","Support","Learn",11,8.85714285714286
"Gender","Virginia","Support","Learn",18,13.2
"Gender","Iowa","Support","Learn",3,18.3333333333333
"Gender","Arkansas","Support","Learn",1,7
"Gender","New Mexico","Support","Learn",0,8
"Gender","Rhode Island","Support","Learn",1,20
"Gender","Tennessee","Support","Learn",7,11.1666666666667
"Gender","Connecticut","Support","Learn",6,9.4
"Gender","Kansas","Support","Learn",3,7.5
"Gender","Florida","Support","Learn",25,12.3181818181818
"Gender","California","Support","Learn",76,11.9428571428571
"Gender","Kentucky","Support","Learn",10,6.66666666666667
"Gender","Georgia","Support","Learn",25,10.64
"Gender","Massachusetts","Support","Learn",19,41.5333333333333
"Gender","South Carolina","Support","Learn",3,7
"Gender","Washington","Support","Learn",21,8.85
"Gender","Illinois","Support","Learn",35,9.2
"Gender","Alabama","Support","Learn",9,18.8333333333333
"Gender","Indiana","Support","Learn",12,20.6
"Gender","Nevada","Support","Learn",4,6.33333333333333
"Gender","Arizona","Support","Learn",13,13.8333333333333
"Gender","Oklahoma","Support","Learn",2,8.5
"Gender","North Carolina","Support","Learn",15,12.9166666666667
"Gender","Utah","Support","Learn",13,13.0833333333333
"Gender","Colorado","Support","Learn",20,8.47058823529412
"Gender","Pennsylvania","Support","Resource",10,10
"Gender","Nevada","Support","Resource",3,3.5
"Gender","Oklahoma","Support","Resource",1,15
"Gender","New Mexico","Support","Resource",1,6
"Gender","Colorado","Support","Resource",8,13.75
"Gender","Virginia","Support","Resource",11,11.8888888888889
"Gender","Arizona","Support","Resource",5,7.25
"Gender","Illinois","Support","Resource",9,11.75
"Gender","Ohio","Support","Resource",4,17
"Gender","West Virginia","Support","Resource",1,35
"Gender","New York","Support","Resource",32,17.6206896551724
"Gender","Maine","Support","Resource",2,6
"Gender","Michigan","Support","Resource",5,15.6
"Gender","Texas","Support","Resource",9,8.25
"Gender","Wisconsin","Support","Resource",1,10
"Gender","Washington","Support","Resource",12,12.0909090909091
"Gender","Kentucky","Support","Resource",2,5.5
"Gender","Alabama","Support","Resource",5,16.5
"Gender","South Carolina","Support","Resource",2,24
"Gender","Missouri","Support","Resource",5,15.8
"Gender","New Jersey","Support","Resource",5,6
"Gender","Indiana","Support","Resource",2,6
"Gender","Louisiana","Support","Resource",1,9
"Gender","Oregon","Support","Resource",5,9.66666666666667
"Gender","Maryland","Support","Resource",3,10.3333333333333
"Gender","Georgia","Support","Resource",7,5.85714285714286
"Gender","Massachusetts","Support","Resource",11,46.6666666666667
"Gender","Utah","Support","Resource",2,9
"Gender","Tennessee","Support","Resource",3,13
"Gender","Florida","Support","Resource",4,7.5
"Gender","North Carolina","Support","Resource",4,8.75
"Gender","California","Support","Resource",24,13.05
"Gender","Maine","Support","Activity",2,225
"Gender","Louisiana","Support","Activity",2,146.333333333333
"Gender","New Mexico","Support","Activity",3,22.3333333333333
"Gender","Minnesota","Support","Activity",4,104.666666666667
"Gender","South Carolina","Support","Activity",3,66.3333333333333
"Gender","Kentucky","Support","Activity",2,93.5
"Gender","Maryland","Support","Activity",8,85.375
"Gender","Arkansas","Support","Activity",3,935
"Gender","Alabama","Support","Activity",12,623.166666666667
"Gender","Tennessee","Support","Activity",5,112.4
"Gender","Oregon","Support","Activity",17,149.6875
"Gender","Alaska","Support","Activity",2,161
"Gender","Wisconsin","Support","Activity",6,43
"Gender","Pennsylvania","Support","Activity",23,191.588235294118
"Gender","Washington","Support","Activity",26,149.75
"Gender","Connecticut","Support","Activity",7,50.4
"Gender","North Dakota","Support","Activity",1,83
"Gender","New Jersey","Support","Activity",7,85.8
"Gender","Nevada","Support","Activity",1,49
"Gender","Indiana","Support","Activity",10,101.125
"Gender","Massachusetts","Support","Activity",18,254.625
"Gender","Illinois","Support","Activity",32,188.321428571429
"Gender","Florida","Support","Activity",15,66.8461538461538
"Gender","North Carolina","Support","Activity",15,155.333333333333
"Gender","New Hampshire","Support","Activity",4,55.3333333333333
"Gender","Michigan","Support","Activity",22,154
"Gender","Missouri","Support","Activity",11,160.363636363636
"Gender","Utah","Support","Activity",1,427
"Gender","Ohio","Support","Activity",14,116.333333333333
"Gender","Texas","Support","Activity",21,165.052631578947
"Gender","Idaho","Support","Activity",1,26
"Gender","Oklahoma","Support","Activity",2,5
"Gender","New York","Support","Activity",59,97.7169811320755
"Gender","Montana","Support","Activity",2,16.5
"Gender","Colorado","Support","Activity",21,250.8
"Gender","Hawaii","Support","Activity",1,10
"Gender","Virginia","Support","Activity",11,134.166666666667
"Gender","Georgia","Support","Activity",11,38.6363636363636
"Gender","Arizona","Support","Activity",14,132.923076923077
"Gender","California","Support","Activity",49,134.777777777778
"Gender","Illinois","Support","Community",16,37.5625
"Gender","North Carolina","Support","Community",8,49.5714285714286
"Gender","Georgia","Support","Community",5,93
"Gender","Arkansas","Support","Community",1,40
"Gender","Virginia","Support","Community",9,52.75
"Gender","Tennessee","Support","Community",4,33
"Gender","Colorado","Support","Community",6,33.6
"Gender","Massachusetts","Support","Community",8,60.1666666666667
"Gender","Ohio","Support","Community",6,34.5
"Gender","Missouri","Support","Community",8,71.2857142857143
"Gender","South Carolina","Support","Community",1,1
"Gender","Connecticut","Support","Community",3,22.6666666666667
"Gender","Texas","Support","Community",9,80.1111111111111
"Gender","New York","Support","Community",25,79
"Gender","Indiana","Support","Community",2,122.5
"Gender","Louisiana","Support","Community",1,81
"Gender","Mississippi","Support","Community",1,82
"Gender","Vermont","Support","Community",1,45
"Gender","Maryland","Support","Community",3,62
"Gender","Arizona","Support","Community",10,61.1428571428571
"Gender","Florida","Support","Community",5,53.6
"Gender","Kansas","Support","Community",2,69.5
"Gender","Pennsylvania","Support","Community",6,93
"Gender","Utah","Support","Community",2,18.5
"Gender","Alabama","Support","Community",3,73.3333333333333
"Gender","New Jersey","Support","Community",3,42.5
"Gender","Oklahoma","Support","Community",1,50
"Gender","Michigan","Support","Community",5,81.6
"Gender","Kentucky","Support","Community",2,61.5
"Gender","California","Support","Community",23,34.6842105263158
"Gender","Nevada","Support","Community",2,18.5
"Gender","Maine","Support","Community",1,83
"Gender","Oregon","Support","Community",4,51.6
"Gender","Washington","Support","Community",12,95.9166666666667
"Gender","Kentucky","Support","Activity",4,10.75
"Gender","North Carolina","Support","Activity",23,9.47368421052632
"Gender","Michigan","Support","Activity",23,12.5454545454545
"Gender","New Hampshire","Support","Activity",3,15
"Gender","Connecticut","Support","Activity",5,15.6666666666667
"Gender","Utah","Support","Activity",3,14.3333333333333
"Gender","Maine","Support","Activity",8,31.7142857142857
"Gender","Montana","Support","Activity",3,26.6666666666667
"Gender","Missouri","Support","Activity",15,16.3076923076923
"Gender","South Carolina","Support","Activity",1,29
"Gender","Texas","Support","Activity",33,26.2
"Gender","Maryland","Support","Activity",16,14.4615384615385
"Gender","Idaho","Support","Activity",2,5.5
"Gender","Florida","Support","Activity",24,22
"Gender","Massachusetts","Support","Activity",20,24.3333333333333
"Gender","Wisconsin","Support","Activity",15,30.875
"Gender","Kansas","Support","Activity",4,55
"Gender","Georgia","Support","Activity",21,11.4210526315789
"Gender","Alabama","Support","Activity",11,62.6
"Gender","Oklahoma","Support","Activity",7,41.5
"Gender","Colorado","Support","Activity",6,21
"Gender","Nevada","Support","Activity",3,7.33333333333333
"Gender","North Dakota","Support","Activity",1,37
"Gender","Louisiana","Support","Activity",1,14
"Gender","Illinois","Support","Activity",44,21.4651162790698
"Gender","Virginia","Support","Activity",24,16
"Gender","Indiana","Support","Activity",9,18.3333333333333
"Gender","Oregon","Support","Activity",18,17.0625
"Gender","Washington","Support","Activity",27,23.2083333333333
"Gender","Arkansas","Support","Activity",2,10.5
"Gender","Minnesota","Support","Activity",7,12.375
"Gender","Alaska","Support","Activity",3,8
"Gender","Tennessee","Support","Activity",4,6
"Gender","Pennsylvania","Support","Activity",29,21.4230769230769
"Gender","New Jersey","Support","Activity",9,18.5
"Gender","Nebraska","Support","Activity",2,10
"Gender","Ohio","Support","Activity",13,33.1818181818182
"Gender","New York","Support","Activity",63,19.4821428571429
"Gender","Iowa","Support","Activity",1,8
"Gender","California","Support","Activity",100,17.5342465753425
"Gender","Hawaii","Support","Activity",1,11
"Gender","Arizona","Support","Activity",18,23.6470588235294
"Gender","Missouri","Explore","Community",4,16
"Gender","Maine","Explore","Community",2,11.5
"Gender","Georgia","Explore","Community",4,35.75
"Gender","Connecticut","Explore","Community",1,3
"Gender","Indiana","Explore","Community",2,39.5
"Gender","Virginia","Explore","Community",4,40.5
"Gender","Nevada","Explore","Community",1,5
"Gender","Oregon","Explore","Community",6,24.4
"Gender","New Jersey","Explore","Community",2,35
"Gender","Iowa","Explore","Community",1,141
"Gender","Washington","Explore","Community",18,30.8
"Gender","Tennessee","Explore","Community",1,7
"Gender","Utah","Explore","Community",2,8.5
"Gender","Ohio","Explore","Community",4,62.5
"Gender","New York","Explore","Community",24,30
"Gender","Wyoming","Explore","Community",2,26
"Gender","Arizona","Explore","Community",6,18
"Gender","Alabama","Explore","Community",3,16
"Gender","California","Explore","Community",30,15.8518518518519
"Gender","Nebraska","Explore","Community",1,15
"Gender","Oklahoma","Explore","Community",1,53
"Gender","Kansas","Explore","Community",1,57
"Gender","Idaho","Explore","Community",1,3
"Gender","Texas","Explore","Community",9,28
"Gender","Massachusetts","Explore","Community",10,58.1666666666667
"Gender","Pennsylvania","Explore","Community",8,70.3333333333333
"Gender","Michigan","Explore","Community",5,22.6666666666667
"Gender","Maryland","Explore","Community",8,29.8
"Gender","North Carolina","Explore","Community",1,41
"Gender","Illinois","Explore","Community",16,28.8
"Gender","South Carolina","Explore","Community",3,37
"Gender","Minnesota","Explore","Community",1,8
"Gender","Louisiana","Explore","Community",1,50
"Gender","Kentucky","Explore","Community",1,33
"Gender","Florida","Explore","Community",10,16.1111111111111
"Gender","Colorado","Explore","Community",8,30.25
"Gender","Kansas","Explore","Activity",1,12
"Gender","Arkansas","Explore","Activity",1,5
"Gender","South Dakota","Explore","Activity",1,7
"Gender","New Hampshire","Explore","Activity",1,1
"Gender","North Dakota","Explore","Activity",1,14
"Gender","North Carolina","Explore","Activity",10,3.8
"Gender","Pennsylvania","Explore","Activity",12,9.54545454545455
"Gender","Wisconsin","Explore","Activity",1,21
"Gender","Alabama","Explore","Activity",6,3.8
"Gender","Missouri","Explore","Activity",8,3.57142857142857
"Gender","New York","Explore","Activity",31,8
"Gender","Virginia","Explore","Activity",9,4.77777777777778
"Gender","Louisiana","Explore","Activity",1,8
"Gender","Maryland","Explore","Activity",11,9.88888888888889
"Gender","Alaska","Explore","Activity",1,6
"Gender","Nevada","Explore","Activity",1,3
"Gender","Texas","Explore","Activity",11,13.75
"Gender","Oklahoma","Explore","Activity",5,5.6
"Gender","Colorado","Explore","Activity",8,7.42857142857143
"Gender","Illinois","Explore","Activity",20,5.61111111111111
"Gender","Tennessee","Explore","Activity",4,7
"Gender","Arizona","Explore","Activity",12,9.3
"Gender","Ohio","Explore","Activity",6,13.5
"Gender","Washington","Explore","Activity",16,7.13333333333333
"Gender","Massachusetts","Explore","Activity",9,3.6
"Gender","Michigan","Explore","Activity",11,10.4444444444444
"Gender","Hawaii","Explore","Activity",2,17
"Gender","Nebraska","Explore","Activity",1,5
"Gender","Utah","Explore","Activity",7,7.83333333333333
"Gender","New Jersey","Explore","Activity",4,3.5
"Gender","Iowa","Explore","Activity",3,22.5
"Gender","Georgia","Explore","Activity",8,5.5
"Gender","Wyoming","Explore","Activity",1,3
"Gender","South Carolina","Explore","Activity",4,36.5
"Gender","Kentucky","Explore","Activity",2,2
"Gender","Maine","Explore","Activity",3,3.66666666666667
"Gender","Indiana","Explore","Activity",4,7
"Gender","Minnesota","Explore","Activity",2,8.5
"Gender","California","Explore","Activity",38,6.44117647058824
"Gender","Oregon","Explore","Activity",6,23.3333333333333
"Gender","Florida","Explore","Activity",7,5.33333333333333
"Gender","North Carolina","Explore","Activity",8,4.57142857142857
"Gender","Nevada","Explore","Activity",2,10.5
"Gender","Oklahoma","Explore","Activity",10,4.25
"Gender","South Dakota","Explore","Activity",1,13
"Gender","Nebraska","Explore","Activity",1,3
"Gender","Illinois","Explore","Activity",17,3.76470588235294
"Gender","West Virginia","Explore","Activity",1,1
"Gender","Massachusetts","Explore","Activity",11,4.5
"Gender","Louisiana","Explore","Activity",2,9
"Gender","Oregon","Explore","Activity",15,12.6
"Gender","Iowa","Explore","Activity",2,16.5
"Gender","South Carolina","Explore","Activity",1,9
"Gender","New York","Explore","Activity",29,6.07692307692308
"Gender","Connecticut","Explore","Activity",2,2.5
"Gender","Virginia","Explore","Activity",6,4.83333333333333
"Gender","California","Explore","Activity",40,5.38888888888889
"Gender","Minnesota","Explore","Activity",8,7.125
"Gender","Kentucky","Explore","Activity",1,14
"Gender","Florida","Explore","Activity",11,3.375
"Gender","Washington","Explore","Activity",13,6.66666666666667
"Gender","Ohio","Explore","Activity",10,23.25
"Gender","North Dakota","Explore","Activity",2,13
"Gender","Michigan","Explore","Activity",5,7.6
"Gender","Texas","Explore","Activity",9,5.22222222222222
"Gender","New Hampshire","Explore","Activity",3,5
"Gender","Maine","Explore","Activity",5,42
"Gender","Colorado","Explore","Activity",11,9.875
"Gender","Alabama","Explore","Activity",5,24.5
"Gender","Kansas","Explore","Activity",1,3
"Gender","Georgia","Explore","Activity",9,3.875
"Gender","Arkansas","Explore","Activity",2,5
"Gender","Utah","Explore","Activity",9,6.16666666666667
"Gender","New Jersey","Explore","Activity",7,4
"Gender","Missouri","Explore","Activity",13,5.3
"Gender","Maryland","Explore","Activity",7,5.85714285714286
"Gender","Indiana","Explore","Activity",3,6
"Gender","Alaska","Explore","Activity",4,5.5
"Gender","Idaho","Explore","Activity",1,1.5
"Gender","Arizona","Explore","Activity",12,3.55555555555556
"Gender","Tennessee","Explore","Activity",3,12.3333333333333
"Gender","Pennsylvania","Explore","Activity",12,4.41666666666667
"Gender","Tennessee","Affirm","Activity",5,6.75
"Gender","California","Affirm","Activity",46,6.475
"Gender","Maine","Affirm","Activity",5,9
"Gender","West Virginia","Affirm","Activity",4,13.3333333333333
"Gender","Utah","Affirm","Activity",5,4
"Gender","Washington","Affirm","Activity",9,5.66666666666667
"Gender","Georgia","Affirm","Activity",11,7.2
"Gender","Louisiana","Affirm","Activity",1,5
"Gender","Florida","Affirm","Activity",18,4.78571428571429
"Gender","Mississippi","Affirm","Activity",1,4
"Gender","New Hampshire","Affirm","Activity",4,3.5
"Gender","Arkansas","Affirm","Activity",2,3.5
"Gender","North Carolina","Affirm","Activity",13,9.81818181818182
"Gender","North Dakota","Affirm","Activity",1,11
"Gender","Iowa","Affirm","Activity",1,6
"Gender","Texas","Affirm","Activity",24,6.10526315789474
"Gender","Michigan","Affirm","Activity",11,4.8
"Gender","Indiana","Affirm","Activity",11,6.6
"Gender","Nevada","Affirm","Activity",2,0
"Gender","Arizona","Affirm","Activity",14,4.23076923076923
"Gender","New Jersey","Affirm","Activity",10,3.9
"Gender","Oregon","Affirm","Activity",9,5.3
"Gender","Kansas","Affirm","Activity",1,2
"Gender","Alabama","Affirm","Activity",5,11.25
"Gender","Missouri","Affirm","Activity",7,3.6
"Gender","South Dakota","Affirm","Activity",1,8
"Gender","Illinois","Affirm","Activity",19,7.15
"Gender","New York","Affirm","Activity",32,5.33333333333333
"Gender","Ohio","Affirm","Activity",10,8.8
"Gender","Massachusetts","Affirm","Activity",12,9.25
"Gender","Virginia","Affirm","Activity",10,5.75
"Gender","Idaho","Affirm","Activity",1,20
"Gender","Wisconsin","Affirm","Activity",3,4
"Gender","Oklahoma","Affirm","Activity",3,5
"Gender","Pennsylvania","Affirm","Activity",19,4.58823529411765
"Gender","South Carolina","Affirm","Activity",3,2.66666666666667
"Gender","Kentucky","Affirm","Activity",1,3
"Gender","Connecticut","Affirm","Activity",1,2
"Gender","Colorado","Affirm","Activity",8,4.66666666666667
"Gender","Maryland","Affirm","Activity",6,8.16666666666667
"Gender","Minnesota","Affirm","Activity",6,2
"Gender","South Carolina","Affirm","Activity",1,5
"Gender","Oklahoma","Affirm","Activity",2,11.5
"Gender","Oregon","Affirm","Activity",1,150
"Gender","Illinois","Affirm","Activity",3,11.3333333333333
"Gender","Virginia","Affirm","Activity",1,7
"Gender","Washington","Affirm","Activity",7,11.8
"Gender","Maryland","Affirm","Activity",2,9.5
"Gender","Mississippi","Affirm","Activity",0,10
"Gender","Ohio","Affirm","Activity",4,17.75
"Gender","Florida","Affirm","Activity",4,6
"Gender","Pennsylvania","Affirm","Activity",5,5.2
"Gender","New Jersey","Affirm","Activity",1,2
"Gender","New York","Affirm","Activity",11,7.54545454545455
"Gender","Massachusetts","Affirm","Activity",5,28.25
"Gender","Michigan","Affirm","Activity",1,17
"Gender","Indiana","Affirm","Activity",3,7.33333333333333
"Gender","Utah","Affirm","Activity",4,96.3333333333333
"Gender","California","Affirm","Activity",16,12.3076923076923
"Gender","Alabama","Affirm","Activity",1,18
"Gender","Arizona","Affirm","Activity",2,4.5
"Gender","Minnesota","Affirm","Activity",1,1
"Gender","Iowa","Affirm","Activity",1,1
"Gender","Colorado","Affirm","Activity",5,6
"Gender","Arkansas","Affirm","Activity",2,3
"Gender","Texas","Affirm","Activity",3,6.33333333333333
"Gender","Kansas","Affirm","Activity",1,15
"Gender","Idaho","Affirm","Activity",1,4
"Gender","Missouri","Affirm","Activity",3,5.33333333333333
"Gender","Louisiana","Affirm","Activity",1,3
"Gender","Georgia","Affirm","Activity",1,12
"Gender","Maine","Affirm","Activity",1,3
"Gender","North Carolina","Affirm","Activity",3,5
"Gender","Washington","Affirm","Resource",6,11.5
"Gender","Ohio","Affirm","Resource",4,8.4
"Gender","Massachusetts","Affirm","Resource",6,12.4
"Gender","Texas","Affirm","Resource",5,10.4
"Gender","North Carolina","Affirm","Resource",6,9.33333333333333
"Gender","South Carolina","Affirm","Resource",2,9
"Gender","Missouri","Affirm","Resource",2,11
"Gender","Alabama","Affirm","Resource",2,18
"Gender","California","Affirm","Resource",24,24.3636363636364
"Gender","Pennsylvania","Affirm","Resource",5,10.8
"Gender","Mississippi","Affirm","Resource",1,2
"Gender","Kansas","Affirm","Resource",1,14
"Gender","New Jersey","Affirm","Resource",2,6
"Gender","Florida","Affirm","Resource",8,22.25
"Gender","Oregon","Affirm","Resource",4,24.5
"Gender","Utah","Affirm","Resource",3,12.6666666666667
"Gender","Colorado","Affirm","Resource",2,19.5
"Gender","Illinois","Affirm","Resource",11,9.9
"Gender","Idaho","Affirm","Resource",1,5
"Gender","Oklahoma","Affirm","Resource",3,13.6666666666667
"Gender","New York","Affirm","Resource",11,10.5454545454545
"Gender","Maryland","Affirm","Resource",3,10.6666666666667
"Gender","Michigan","Affirm","Resource",4,10.5
"Gender","Indiana","Affirm","Resource",3,15.6666666666667
"Gender","Arizona","Affirm","Resource",13,4.75
"Gender","Maine","Affirm","Resource",1,10
"Gender","Virginia","Affirm","Resource",1,13
"Queerness","Colorado","Support","Activity",30,8.60714285714286
"Queerness","Illinois","Support","Activity",79,18.4705882352941
"Queerness","Oklahoma","Support","Activity",4,10.5
"Queerness","Oregon","Support","Activity",36,11.46875
"Queerness","North Carolina","Support","Activity",26,15.0740740740741
"Queerness","West Virginia","Support","Activity",1,10
"Queerness","Massachusetts","Support","Activity",29,29.1111111111111
"Queerness","Iowa","Support","Activity",2,3
"Queerness","Louisiana","Support","Activity",5,13.6
"Queerness","Utah","Support","Activity",13,16.75
"Queerness","Kansas","Support","Activity",5,9.5
"Queerness","Arkansas","Support","Activity",2,24.5
"Queerness","Nebraska","Support","Activity",1,26
"Queerness","Nevada","Support","Activity",3,4.33333333333333
"Queerness","Missouri","Support","Activity",10,25
"Queerness","Mississippi","Support","Activity",3,15.6666666666667
"Queerness","Alaska","Support","Activity",1,3
"Queerness","Vermont","Support","Activity",5,6.6
"Queerness","Georgia","Support","Activity",36,9
"Queerness","Montana","Support","Activity",3,15
"Queerness","Washington","Support","Activity",30,11.3571428571429
"Queerness","Texas","Support","Activity",59,7.54545454545455
"Queerness","Maine","Support","Activity",7,3.8
"Queerness","New Mexico","Support","Activity",2,6.5
"Queerness","Indiana","Support","Activity",9,8.54545454545455
"Queerness","Connecticut","Support","Activity",12,8.63636363636364
"Queerness","New Jersey","Support","Activity",19,6.64285714285714
"Queerness","Ohio","Support","Activity",39,10.9642857142857
"Queerness","Kentucky","Support","Activity",7,14
"Queerness","Arizona","Support","Activity",22,7.21052631578947
"Queerness","Pennsylvania","Support","Activity",38,7.74358974358974
"Queerness","Idaho","Support","Activity",6,3.25
"Queerness","North Dakota","Support","Activity",0,1
"Queerness","California","Support","Activity",182,12.5527950310559
"Queerness","New York","Support","Activity",113,9.75757575757576
"Queerness","Hawaii","Support","Activity",1,5
"Queerness","Alabama","Support","Activity",11,16.3333333333333
"Queerness","Maryland","Support","Activity",24,7.875
"Queerness","South Carolina","Support","Activity",5,4.8
"Queerness","New Hampshire","Support","Activity",5,2.2
"Queerness","Minnesota","Support","Activity",15,9.8
"Queerness","Rhode Island","Support","Activity",2,15.5
"Queerness","Tennessee","Support","Activity",15,22.8
"Queerness","Virginia","Support","Activity",31,10.4230769230769
"Queerness","Michigan","Support","Activity",25,11.1304347826087
"Queerness","Wisconsin","Support","Activity",8,7.375
"Queerness","Wyoming","Support","Activity",2,4
"Queerness","Florida","Support","Activity",50,10.6046511627907
"Queerness","Maryland","Support","Community",5,61.4
"Queerness","Rhode Island","Support","Community",1,6
"Queerness","Idaho","Support","Community",1,21
"Queerness","Ohio","Support","Community",9,46.3333333333333
"Queerness","Kansas","Support","Community",1,0
"Queerness","Minnesota","Support","Community",5,54.8
"Queerness","Texas","Support","Community",19,68.1111111111111
"Queerness","Michigan","Support","Community",8,190.714285714286
"Queerness","Utah","Support","Community",6,126.125
"Queerness","Connecticut","Support","Community",3,75.25
"Queerness","New Mexico","Support","Community",1,41
"Queerness","Oregon","Support","Community",17,102.666666666667
"Queerness","Washington","Support","Community",10,109.545454545455
"Queerness","North Carolina","Support","Community",11,105.555555555556
"Queerness","Massachusetts","Support","Community",17,49.5333333333333
"Queerness","Virginia","Support","Community",12,67.5
"Queerness","California","Support","Community",73,72.0161290322581
"Queerness","New York","Support","Community",43,63.0975609756098
"Queerness","Oklahoma","Support","Community",2,8.5
"Queerness","Alabama","Support","Community",8,87.4285714285714
"Queerness","South Carolina","Support","Community",1,57
"Queerness","Nebraska","Support","Community",1,150
"Queerness","Nevada","Support","Community",2,38.5
"Queerness","Tennessee","Support","Community",5,88.8
"Queerness","Colorado","Support","Community",12,80.4
"Queerness","Pennsylvania","Support","Community",16,83.1333333333333
"Queerness","Mississippi","Support","Community",1,0
"Queerness","Kentucky","Support","Community",1,92
"Queerness","Georgia","Support","Community",12,93.9090909090909
"Queerness","Wyoming","Support","Community",2,7.5
"Queerness","New Hampshire","Support","Community",2,49
"Queerness","Missouri","Support","Community",3,73
"Queerness","Indiana","Support","Community",3,253.666666666667
"Queerness","Wisconsin","Support","Community",2,83
"Queerness","Vermont","Support","Community",1,36
"Queerness","Arizona","Support","Community",11,89.5
"Queerness","Illinois","Support","Community",37,70.8076923076923
"Queerness","Hawaii","Support","Community",1,9
"Queerness","New Jersey","Support","Community",3,62.6666666666667
"Queerness","Florida","Support","Community",11,39.6666666666667
"Queerness","Maine","Support","Community",3,44
"Queerness","Georgia","Support","Activity",20,36.2857142857143
"Queerness","Montana","Support","Activity",1,4
"Queerness","Texas","Support","Activity",29,13.3809523809524
"Queerness","Colorado","Support","Activity",10,23.3333333333333
"Queerness","Wisconsin","Support","Activity",13,14.4545454545455
"Queerness","New Jersey","Support","Activity",9,6
"Queerness","Washington","Support","Activity",13,17.5
"Queerness","Nevada","Support","Activity",1,7
"Queerness","Pennsylvania","Support","Activity",21,32.0666666666667
"Queerness","Kansas","Support","Activity",1,27
"Queerness","California","Support","Activity",82,17.5882352941177
"Queerness","New Mexico","Support","Activity",0,4.5
"Queerness","Delaware","Support","Activity",0,55
"Queerness","North Carolina","Support","Activity",19,10.7368421052632
"Queerness","Missouri","Support","Activity",4,32
"Queerness","Oregon","Support","Activity",21,49.7142857142857
"Queerness","Kentucky","Support","Activity",3,8.66666666666667
"Queerness","Alabama","Support","Activity",9,42
"Queerness","Arizona","Support","Activity",19,19.5384615384615
"Queerness","South Carolina","Support","Activity",1,8
"Queerness","Maryland","Support","Activity",15,27.6428571428571
"Queerness","New Hampshire","Support","Activity",1,30
"Queerness","Connecticut","Support","Activity",2,3.5
"Queerness","Massachusetts","Support","Activity",21,12.7333333333333
"Queerness","Illinois","Support","Activity",35,19.9032258064516
"Queerness","Michigan","Support","Activity",27,35.0625
"Queerness","Indiana","Support","Activity",9,29
"Queerness","Minnesota","Support","Activity",6,11.8571428571429
"Queerness","Florida","Support","Activity",14,11.3636363636364
"Queerness","Maine","Support","Activity",5,44
"Queerness","Tennessee","Support","Activity",6,22.3333333333333
"Queerness","Ohio","Support","Activity",10,18.9
"Queerness","Vermont","Support","Activity",1,0
"Queerness","Oklahoma","Support","Activity",1,0
"Queerness","Idaho","Support","Activity",5,10
"Queerness","New York","Support","Activity",58,15.4791666666667
"Queerness","Utah","Support","Activity",10,36.2
"Queerness","Nebraska","Support","Activity",2,45.5
"Queerness","Virginia","Support","Activity",14,16.0909090909091
"Queerness","Michigan","Support","Activity",19,85.4285714285714
"Queerness","Massachusetts","Support","Activity",8,156.625
"Queerness","Virginia","Support","Activity",13,64
"Queerness","New Mexico","Support","Activity",2,11
"Queerness","Indiana","Support","Activity",4,28
"Queerness","Wisconsin","Support","Activity",4,41.75
"Queerness","Mississippi","Support","Activity",1,39
"Queerness","Ohio","Support","Activity",9,49.2222222222222
"Queerness","Kentucky","Support","Activity",2,40.5
"Queerness","Maryland","Support","Activity",8,93.5555555555556
"Queerness","Nevada","Support","Activity",1,59
"Queerness","Washington","Support","Activity",9,85.125
"Queerness","Florida","Support","Activity",13,50.5384615384615
"Queerness","Georgia","Support","Activity",11,107.833333333333
"Queerness","Arizona","Support","Activity",10,62.8
"Queerness","Nebraska","Support","Activity",3,266.5
"Queerness","Rhode Island","Support","Activity",0,19
"Queerness","Alabama","Support","Activity",20,568
"Queerness","Idaho","Support","Activity",1,14
"Queerness","New York","Support","Activity",61,66.5581395348837
"Queerness","Texas","Support","Activity",15,81.7692307692308
"Queerness","Minnesota","Support","Activity",6,213.6
"Queerness","Colorado","Support","Activity",10,71.5555555555556
"Queerness","South Carolina","Support","Activity",1,51
"Queerness","Utah","Support","Activity",6,376
"Queerness","Maine","Support","Activity",1,47
"Queerness","Pennsylvania","Support","Activity",16,84.1428571428571
"Queerness","New Jersey","Support","Activity",6,80.8333333333333
"Queerness","Illinois","Support","Activity",39,64.9375
"Queerness","Oregon","Support","Activity",15,81.1875
"Queerness","Connecticut","Support","Activity",1,44
"Queerness","Missouri","Support","Activity",7,73
"Queerness","North Carolina","Support","Activity",12,125.909090909091
"Queerness","Tennessee","Support","Activity",4,25.5
"Queerness","Alaska","Support","Activity",1,55
"Queerness","California","Support","Activity",62,64.1578947368421
"Queerness","Minnesota","Explore","Learn",2,30
"Queerness","Indiana","Explore","Learn",2,50.5
"Queerness","Colorado","Explore","Learn",3,47.3333333333333
"Queerness","Kentucky","Explore","Learn",2,9.5
"Queerness","Utah","Explore","Learn",4,81
"Queerness","Nevada","Explore","Learn",3,47.3333333333333
"Queerness","Michigan","Explore","Learn",5,93
"Queerness","Ohio","Explore","Learn",7,22.6
"Queerness","Maryland","Explore","Learn",4,34.25
"Queerness","Florida","Explore","Learn",7,63
"Queerness","Virginia","Explore","Learn",3,34
"Queerness","New York","Explore","Learn",20,27.2
"Queerness","North Carolina","Explore","Learn",7,73
"Queerness","Missouri","Explore","Learn",2,30
"Queerness","Texas","Explore","Learn",15,40.5384615384615
"Queerness","Pennsylvania","Explore","Learn",3,41.6666666666667
"Queerness","Alabama","Explore","Learn",4,274.666666666667
"Queerness","Georgia","Explore","Learn",4,80.5
"Queerness","Washington","Explore","Learn",6,33.8333333333333
"Queerness","California","Explore","Learn",20,47.2352941176471
"Queerness","Illinois","Explore","Learn",6,79.8333333333333
"Queerness","Wisconsin","Explore","Learn",1,35
"Queerness","Tennessee","Explore","Learn",1,1
"Queerness","New Jersey","Explore","Learn",9,20.2222222222222
"Queerness","Oregon","Explore","Learn",6,41.3333333333333
"Queerness","Massachusetts","Explore","Learn",8,62.1428571428571
"Queerness","Oklahoma","Explore","Learn",1,14
"Queerness","New Mexico","Explore","Learn",2,40.5
"Queerness","Arizona","Explore","Learn",5,39.8
"Queerness","Maryland","Explore","Activity",5,43.5
"Queerness","Utah","Explore","Activity",3,31
"Queerness","Michigan","Explore","Activity",4,11.5
"Queerness","Alabama","Explore","Activity",5,74.5
"Queerness","Arkansas","Explore","Activity",1,3
"Queerness","Oregon","Explore","Activity",2,8
"Queerness","Ohio","Explore","Activity",3,19.6
"Queerness","Rhode Island","Explore","Activity",1,5
"Queerness","California","Explore","Activity",26,16.3181818181818
"Queerness","Illinois","Explore","Activity",12,16.5555555555556
"Queerness","Georgia","Explore","Activity",7,14
"Queerness","Missouri","Explore","Activity",2,6
"Queerness","Montana","Explore","Activity",1,21
"Queerness","Kentucky","Explore","Activity",1,5
"Queerness","Washington","Explore","Activity",3,16.6666666666667
"Queerness","New Jersey","Explore","Activity",2,3
"Queerness","Virginia","Explore","Activity",12,10
"Queerness","New York","Explore","Activity",31,12.15
"Queerness","Florida","Explore","Activity",8,10.8888888888889
"Queerness","Nevada","Explore","Activity",1,0
"Queerness","Indiana","Explore","Activity",2,0
"Queerness","Arizona","Explore","Activity",5,15
"Queerness","Minnesota","Explore","Activity",2,24
"Queerness","Massachusetts","Explore","Activity",15,20.2
"Queerness","Colorado","Explore","Activity",3,6.75
"Queerness","Pennsylvania","Explore","Activity",11,11.7
"Queerness","North Carolina","Explore","Activity",3,44.5
"Queerness","Texas","Explore","Activity",6,11.6
"Queerness","New Mexico","Explore","Activity",1,1
"Queerness","Montana","Explore","Learn",1,42
"Queerness","Oregon","Explore","Learn",5,53.8
"Queerness","New Mexico","Explore","Learn",1,8
"Queerness","Texas","Explore","Learn",6,17.8
"Queerness","Pennsylvania","Explore","Learn",1,10
"Queerness","New Jersey","Explore","Learn",1,6
"Queerness","Indiana","Explore","Learn",1,54
"Queerness","Illinois","Explore","Learn",6,42.3333333333333
"Queerness","Missouri","Explore","Learn",3,6.33333333333333
"Queerness","Maryland","Explore","Learn",2,7.5
"Queerness","Alabama","Explore","Learn",1,41
"Queerness","Michigan","Explore","Learn",6,70
"Queerness","Washington","Explore","Learn",3,20.6666666666667
"Queerness","Kentucky","Explore","Learn",1,2
"Queerness","Utah","Explore","Learn",1,0
"Queerness","Massachusetts","Explore","Learn",6,67
"Queerness","Arizona","Explore","Learn",4,15.25
"Queerness","Ohio","Explore","Learn",3,17.75
"Queerness","Virginia","Explore","Learn",2,7
"Queerness","Florida","Explore","Learn",3,30.6666666666667
"Queerness","Georgia","Explore","Learn",3,22.6666666666667
"Queerness","Colorado","Explore","Learn",5,14.4
"Queerness","North Carolina","Explore","Learn",3,40.6666666666667
"Queerness","California","Explore","Learn",16,28.4615384615385
"Queerness","New York","Explore","Learn",10,7.44444444444445
"Queerness","Rhode Island","Affirm","Resource",1,8
"Queerness","Ohio","Affirm","Resource",1,10
"Queerness","Wisconsin","Affirm","Resource",2,41.5
"Queerness","South Carolina","Affirm","Resource",2,7.5
"Queerness","Alaska","Affirm","Resource",1,15
"Queerness","New Mexico","Affirm","Resource",2,12
"Queerness","Utah","Affirm","Resource",1,28
"Queerness","Florida","Affirm","Resource",7,8.75
"Queerness","Iowa","Affirm","Resource",1,10
"Queerness","North Carolina","Affirm","Resource",2,35
"Queerness","North Dakota","Affirm","Resource",1,21.5
"Queerness","California","Affirm","Resource",19,33.3888888888889
"Queerness","New York","Affirm","Resource",26,27.421052631579
"Queerness","Michigan","Affirm","Resource",2,67
"Queerness","Tennessee","Affirm","Resource",2,46.5
"Queerness","Oregon","Affirm","Resource",4,28
"Queerness","Maryland","Affirm","Resource",3,52.3333333333333
"Queerness","Nebraska","Affirm","Resource",2,82
"Queerness","Nevada","Affirm","Resource",3,0
"Queerness","Minnesota","Affirm","Resource",3,31.3333333333333
"Queerness","Alabama","Affirm","Resource",3,18.5
"Queerness","Illinois","Affirm","Resource",6,18.7142857142857
"Queerness","Kentucky","Affirm","Resource",1,27
"Queerness","Arizona","Affirm","Resource",7,18.7142857142857
"Queerness","Indiana","Affirm","Resource",2,102
"Queerness","Virginia","Affirm","Resource",6,186
"Queerness","Washington","Affirm","Resource",3,6.5
"Queerness","Massachusetts","Affirm","Resource",5,61.2
"Queerness","Pennsylvania","Affirm","Resource",10,20.2
"Queerness","Georgia","Affirm","Resource",4,35
"Queerness","Missouri","Affirm","Resource",2,19
"Queerness","Texas","Affirm","Resource",8,31.875
"Queerness","Colorado","Affirm","Resource",6,56.3333333333333
"Queerness","New Jersey","Affirm","Resource",8,9.125
"Queerness","Michigan","Affirm","Activity",1,45
"Queerness","Vermont","Affirm","Activity",1,9
"Queerness","Virginia","Affirm","Activity",4,13.75
"Queerness","Missouri","Affirm","Activity",2,11
"Queerness","Arkansas","Affirm","Activity",1,8
"Queerness","Pennsylvania","Affirm","Activity",2,25
"Queerness","Texas","Affirm","Activity",2,9
"Queerness","Colorado","Affirm","Activity",4,36.5
"Queerness","Arizona","Affirm","Activity",2,30
"Queerness","North Carolina","Affirm","Activity",4,29
"Queerness","Delaware","Affirm","Activity",1,12
"Queerness","Alabama","Affirm","Activity",2,34
"Queerness","Massachusetts","Affirm","Activity",5,61
"Queerness","Wisconsin","Affirm","Activity",1,9
"Queerness","New York","Affirm","Activity",13,9.76923076923077
"Queerness","Kentucky","Affirm","Activity",1,7
"Queerness","California","Affirm","Activity",22,17.6363636363636
"Queerness","Oregon","Affirm","Activity",1,35
"Queerness","Illinois","Affirm","Activity",5,6.6
"Queerness","Ohio","Affirm","Activity",1,5
"Queerness","Washington","Affirm","Activity",3,15
"Queerness","Georgia","Affirm","Activity",5,17.6666666666667
"Queerness","Maryland","Affirm","Activity",3,26
"Queerness","Pennsylvania","Affirm","Activity",2,1.5
"Queerness","Maryland","Affirm","Activity",3,14.3333333333333
"Queerness","California","Affirm","Activity",29,14.5
"Queerness","Ohio","Affirm","Activity",2,6.5
"Queerness","North Carolina","Affirm","Activity",2,45
"Queerness","Alabama","Affirm","Activity",4,27
"Queerness","Wisconsin","Affirm","Activity",1,23
"Queerness","Virginia","Affirm","Activity",6,7.33333333333333
"Queerness","Georgia","Affirm","Activity",6,19.2
"Queerness","New York","Affirm","Activity",18,11.7333333333333
"Queerness","New Hampshire","Affirm","Activity",1,0
"Queerness","Washington","Affirm","Activity",3,17.3333333333333
"Queerness","Indiana","Affirm","Activity",1,4
"Queerness","Texas","Affirm","Activity",2,17.5
"Queerness","Massachusetts","Affirm","Activity",6,15.8333333333333
"Queerness","Minnesota","Affirm","Activity",1,9
"Queerness","Michigan","Affirm","Activity",6,32.75
"Queerness","Arizona","Affirm","Activity",4,9.5
"Queerness","Florida","Affirm","Activity",2,18
"Queerness","Missouri","Affirm","Activity",2,11
"Queerness","Kentucky","Affirm","Activity",1,6
"Queerness","South Carolina","Affirm","Activity",1,13
"Queerness","Arkansas","Affirm","Activity",1,3
"Queerness","Illinois","Affirm","Activity",6,12.2
"Queerness","Colorado","Affirm","Activity",2,23.5
"Queerness","Illinois","","",298,22.6234817813765
"Queerness","Arkansas","","",7,7
"Queerness","North Dakota","","",3,16.6666666666667
"Queerness","Connecticut","","",34,13.3103448275862
"Queerness","Oklahoma","","",22,16.9
"Queerness","Montana","","",9,21.375
"Queerness","Texas","","",177,17.7266666666667
"Queerness","Rhode Island","","",15,15.75
"Queerness","Maine","","",21,17.65
"Queerness","Ohio","","",80,21.9230769230769
"Queerness","Kentucky","","",17,16.5714285714286
"Queerness","South Dakota","","",2,26.5
"Queerness","Maryland","","",118,25.6330275229358
"Queerness","Colorado","","",106,17.1046511627907
"Queerness","New York","","",344,16.0452961672474
"Queerness","Oregon","","",155,23.5789473684211
"Queerness","Louisiana","","",13,18.3076923076923
"Queerness","Nevada","","",13,26
"Queerness","Indiana","","",32,38.16
"Queerness","Utah","","",28,18.0740740740741
"Queerness","Idaho","","",12,23.3333333333333
"Queerness","Tennessee","","",43,16.55
"Queerness","Florida","","",162,16.8536585365854
"Queerness","Iowa","","",12,14.3636363636364
"Queerness","Missouri","","",42,18.0344827586207
"Queerness","New Hampshire","","",11,14.5
"Queerness","California","","",626,20.3905930470348
"Queerness","Washington","","",108,20.0344827586207
"Queerness","Kansas","","",9,13
"Queerness","Michigan","","",121,30.5405405405405
"Queerness","Mississippi","","",9,10.375
"Queerness","Arizona","","",71,16.6896551724138
"Queerness","Hawaii","","",5,18.6
"Queerness","West Virginia","","",4,18.8
"Queerness","Alabama","","",42,24.8076923076923
"Queerness","Massachusetts","","",120,19.6336633663366
"Queerness","South Carolina","","",19,21.2857142857143
"Queerness","North Carolina","","",109,17.8433734939759
"Queerness","Minnesota","","",55,16.4347826086957
"Queerness","Vermont","","",16,11.2857142857143
"Queerness","Nebraska","","",6,19.6666666666667
"Queerness","Pennsylvania","","",153,18.6016260162602
"Queerness","New Jersey","","",68,23.1090909090909
"Queerness","Wyoming","","",7,10.4
"Queerness","Alaska","","",5,28.25
"Queerness","Georgia","","",109,25.0649350649351
"Queerness","Wisconsin","","",52,17.35
"Queerness","Delaware","","",6,14.6666666666667
"Queerness","Virginia","","",98,19.2352941176471
"Queerness","New Mexico","","",10,13.3
"Stigma","Wisconsin","","",26,20.7619047619048
"Stigma","New Jersey","","",30,20.3076923076923
"Stigma","Virginia","","",45,17.9428571428571
"Stigma","Arizona","","",34,17.6333333333333
"Stigma","Alaska","","",2,28
"Stigma","Alabama","","",21,27.2307692307692
"Stigma","Texas","","",74,16.8730158730159
"Stigma","North Dakota","","",2,7.66666666666667
"Stigma","Oregon","","",57,29.6792452830189
"Stigma","Idaho","","",9,30.5714285714286
"Stigma","Kansas","","",4,6.5
"Stigma","Tennessee","","",13,19.5
"Stigma","North Carolina","","",43,31.8787878787879
"Stigma","Pennsylvania","","",84,28.7246376811594
"Stigma","California","","",325,23.1877394636015
"Stigma","Florida","","",57,20.4375
"Stigma","Indiana","","",16,22.6923076923077
"Stigma","Utah","","",6,28.5
"Stigma","Nevada","","",4,16.75
"Stigma","Illinois","","",131,31.3157894736842
"Stigma","Colorado","","",55,18.8636363636364
"Stigma","Kentucky","","",9,28.5
"Stigma","Louisiana","","",7,10.2857142857143
"Stigma","Connecticut","","",11,15.25
"Stigma","New Hampshire","","",5,11.4
"Stigma","Michigan","","",60,20.6818181818182
"Stigma","Minnesota","","",14,17.1666666666667
"Stigma","Hawaii","","",2,35.5
"Stigma","Maine","","",8,15.5
"Stigma","South Carolina","","",7,17.1428571428571
"Stigma","Wyoming","","",8,28.4285714285714
"Stigma","New Mexico","","",5,15.5
"Stigma","Georgia","","",41,21.5151515151515
"Stigma","Mississippi","","",1,10
"Stigma","Massachusetts","","",41,23.2571428571429
"Stigma","Nebraska","","",3,65.6666666666667
"Stigma","Vermont","","",2,8.5
"Stigma","New York","","",155,23.9925373134328
"Stigma","Iowa","","",2,12.5
"Stigma","Delaware","","",1,32
"Stigma","Arkansas","","",3,12
"Stigma","Montana","","",2,33.5
"Stigma","West Virginia","","",5,16.2
"Stigma","Missouri","","",24,22.8636363636364
"Stigma","Ohio","","",37,26.8
"Stigma","Oklahoma","","",5,17.6
"Stigma","Rhode Island","","",15,53.3333333333333
"Stigma","Maryland","","",31,17.0357142857143
"Stigma","Washington","","",38,21.5161290322581
"Stigma","Wisconsin","Support","Learn",4,19
"Stigma","Michigan","Support","Learn",7,30.8333333333333
"Stigma","Maryland","Support","Learn",7,15.3333333333333
"Stigma","Ohio","Support","Learn",8,17.2857142857143
"Stigma","Tennessee","Support","Learn",1,3
"Stigma","Kentucky","Support","Learn",4,19.6666666666667
"Stigma","Washington","Support","Learn",9,47
"Stigma","New Hampshire","Support","Learn",1,7
"Stigma","North Carolina","Support","Learn",9,19.8888888888889
"Stigma","Florida","Support","Learn",11,12.0909090909091
"Stigma","Rhode Island","Support","Learn",1,15
"Stigma","Pennsylvania","Support","Learn",16,17.5
"Stigma","New Jersey","Support","Learn",7,12.4285714285714
"Stigma","Arizona","Support","Learn",9,24.4285714285714
"Stigma","Minnesota","Support","Learn",1,9
"Stigma","Wyoming","Support","Learn",2,23
"Stigma","Indiana","Support","Learn",7,20.6666666666667
"Stigma","New York","Support","Learn",35,6.84375
"Stigma","West Virginia","Support","Learn",1,23
"Stigma","Colorado","Support","Learn",9,10.8571428571429
"Stigma","Connecticut","Support","Learn",2,14
"Stigma","Kansas","Support","Learn",1,5
"Stigma","Georgia","Support","Learn",9,13.25
"Stigma","Oregon","Support","Learn",10,22
"Stigma","Texas","Support","Learn",17,28
"Stigma","Nevada","Support","Learn",1,14
"Stigma","Illinois","Support","Learn",14,29.8461538461538
"Stigma","Missouri","Support","Learn",8,36.2857142857143
"Stigma","California","Support","Learn",55,21.8703703703704
"Stigma","Alabama","Support","Learn",5,28
"Stigma","Massachusetts","Support","Learn",11,11
"Stigma","Virginia","Support","Learn",15,39.1666666666667
"Stigma","Wisconsin","Support","Activity",5,4.25
"Stigma","Massachusetts","Support","Activity",6,8.16666666666667
"Stigma","Ohio","Support","Activity",5,9.2
"Stigma","Vermont","Support","Activity",1,11
"Stigma","Utah","Support","Activity",1,24
"Stigma","Pennsylvania","Support","Activity",6,8.4
"Stigma","Texas","Support","Activity",5,4.8
"Stigma","Nebraska","Support","Activity",1,4
"Stigma","Maine","Support","Activity",1,6
"Stigma","Missouri","Support","Activity",8,94.8
"Stigma","North Carolina","Support","Activity",5,11.8
"Stigma","Alabama","Support","Activity",5,9.8
"Stigma","California","Support","Activity",43,11.1111111111111
"Stigma","Michigan","Support","Activity",6,5.5
"Stigma","Minnesota","Support","Activity",1,3
"Stigma","Florida","Support","Activity",5,18
"Stigma","Oregon","Support","Activity",3,13.3333333333333
"Stigma","Tennessee","Support","Activity",2,28
"Stigma","Illinois","Support","Activity",22,14.1176470588235
"Stigma","Virginia","Support","Activity",9,6.55555555555556
"Stigma","Washington","Support","Activity",4,13
"Stigma","New York","Support","Activity",18,6.11111111111111
"Stigma","Nevada","Support","Activity",2,8.5
"Stigma","Georgia","Support","Activity",8,11.8333333333333
"Stigma","Kentucky","Support","Activity",3,13.3333333333333
"Stigma","Indiana","Support","Activity",2,7
"Stigma","Arkansas","Support","Activity",2,18.5
"Stigma","Maryland","Support","Activity",2,12
"Stigma","New Jersey","Support","Activity",4,3.25
"Stigma","Arizona","Support","Activity",4,17.5
"Stigma","Connecticut","Support","Activity",3,6
"Stigma","Colorado","Support","Activity",10,8
"Stigma","North Carolina","Support","Community",5,17
"Stigma","California","Support","Community",34,35.9705882352941
"Stigma","Kansas","Support","Community",1,24
"Stigma","Oregon","Support","Community",3,27.75
"Stigma","Nevada","Support","Community",2,16
"Stigma","Nebraska","Support","Community",1,2
"Stigma","New Mexico","Support","Community",1,11
"Stigma","Montana","Support","Community",1,220
"Stigma","Illinois","Support","Community",16,22.7857142857143
"Stigma","New Jersey","Support","Community",1,27
"Stigma","Texas","Support","Community",8,29.8888888888889
"Stigma","Georgia","Support","Community",5,63.4
"Stigma","Connecticut","Support","Community",1,28
"Stigma","Massachusetts","Support","Community",3,44.6666666666667
"Stigma","Ohio","Support","Community",4,30
"Stigma","Maryland","Support","Community",2,44
"Stigma","Missouri","Support","Community",5,9.25
"Stigma","Rhode Island","Support","Community",2,26.5
"Stigma","Virginia","Support","Community",5,33.6
"Stigma","Washington","Support","Community",5,98
"Stigma","Indiana","Support","Community",2,6.5
"Stigma","Colorado","Support","Community",5,15.8
"Stigma","Michigan","Support","Community",2,69
"Stigma","Utah","Support","Community",1,127
"Stigma","Pennsylvania","Support","Community",9,25.8571428571429
"Stigma","Kentucky","Support","Community",1,8
"Stigma","Alabama","Support","Community",2,81
"Stigma","New York","Support","Community",19,15.2222222222222
"Stigma","Minnesota","Support","Community",3,36
"Stigma","Arizona","Support","Community",9,43
"Stigma","Wisconsin","Support","Community",2,51
"Stigma","Tennessee","Support","Community",2,71.5
"Stigma","Florida","Support","Community",5,22.2
"Stigma","Maryland","Support","Resource",2,12.5
"Stigma","Wisconsin","Support","Resource",2,10
"Stigma","Alabama","Support","Resource",2,25
"Stigma","Virginia","Support","Resource",4,8.5
"Stigma","Kentucky","Support","Resource",2,8
"Stigma","New York","Support","Resource",2,34
"Stigma","Colorado","Support","Resource",5,19.8
"Stigma","Pennsylvania","Support","Resource",4,17
"Stigma","Connecticut","Support","Resource",2,13
"Stigma","New Mexico","Support","Resource",2,6.5
"Stigma","Nevada","Support","Resource",2,3
"Stigma","Idaho","Support","Resource",1,12
"Stigma","Washington","Support","Resource",2,6
"Stigma","Oregon","Support","Resource",2,16.6666666666667
"Stigma","Florida","Support","Resource",4,6.25
"Stigma","New Jersey","Support","Resource",1,18
"Stigma","Massachusetts","Support","Resource",3,10
"Stigma","Michigan","Support","Resource",4,15.75
"Stigma","California","Support","Resource",23,13.8421052631579
"Stigma","Arizona","Support","Resource",4,6.5
"Stigma","Utah","Support","Resource",1,8
"Stigma","Minnesota","Support","Resource",2,13.5
"Stigma","North Carolina","Support","Resource",3,9.66666666666667
"Stigma","Texas","Support","Resource",6,7.5
"Stigma","Louisiana","Support","Resource",1,8
"Stigma","Georgia","Support","Resource",1,8
"Stigma","Missouri","Support","Resource",2,13
"Stigma","Illinois","Support","Resource",3,10.75
"Stigma","Ohio","Support","Resource",3,12.3333333333333
"Stigma","Georgia","Explore","Activity",4,19
"Stigma","Florida","Explore","Activity",4,3.33333333333333
"Stigma","Kentucky","Explore","Activity",1,11
"Stigma","Minnesota","Explore","Activity",2,21
"Stigma","Arizona","Explore","Activity",5,4
"Stigma","Oregon","Explore","Activity",2,129
"Stigma","Montana","Explore","Activity",1,14
"Stigma","Colorado","Explore","Activity",3,2.33333333333333
"Stigma","New York","Explore","Activity",18,4.75
"Stigma","California","Explore","Activity",25,17.0625
"Stigma","Massachusetts","Explore","Activity",3,28
"Stigma","Alabama","Explore","Activity",2,18
"Stigma","Texas","Explore","Activity",8,3.14285714285714
"Stigma","Missouri","Explore","Activity",4,4.33333333333333
"Stigma","Connecticut","Explore","Activity",2,6.5
"Stigma","Utah","Explore","Activity",1,23
"Stigma","Ohio","Explore","Activity",5,11.25
"Stigma","Pennsylvania","Explore","Activity",4,8.33333333333333
"Stigma","Arkansas","Explore","Activity",1,1
"Stigma","Maryland","Explore","Activity",3,17.6666666666667
"Stigma","Rhode Island","Explore","Activity",1,7
"Stigma","Indiana","Explore","Activity",1,3
"Stigma","Illinois","Explore","Activity",4,38.25
"Stigma","Virginia","Explore","Activity",4,4.66666666666667
"Stigma","Washington","Explore","Activity",1,8.5
"Stigma","Michigan","Explore","Activity",4,9.33333333333333
"Stigma","Ohio","Explore","Learn",5,106
"Stigma","Massachusetts","Explore","Learn",4,37.75
"Stigma","Florida","Explore","Learn",5,123.75
"Stigma","Pennsylvania","Explore","Learn",7,347.666666666667
"Stigma","West Virginia","Explore","Learn",1,58
"Stigma","California","Explore","Learn",19,87.375
"Stigma","Utah","Explore","Learn",2,292.5
"Stigma","Wisconsin","Explore","Learn",1,139
"Stigma","Colorado","Explore","Learn",6,96.6
"Stigma","Illinois","Explore","Learn",6,113.333333333333
"Stigma","North Carolina","Explore","Learn",2,193
"Stigma","Georgia","Explore","Learn",10,46.7
"Stigma","Washington","Explore","Learn",1,0
"Stigma","Indiana","Explore","Learn",2,14
"Stigma","Idaho","Explore","Learn",1,140
"Stigma","Virginia","Explore","Learn",3,99.3333333333333
"Stigma","Michigan","Explore","Learn",3,108
"Stigma","Maryland","Explore","Learn",2,169.5
"Stigma","Arizona","Explore","Learn",2,139.5
"Stigma","Tennessee","Explore","Learn",2,109.5
"Stigma","Oregon","Explore","Learn",4,88.4
"Stigma","Rhode Island","Explore","Learn",1,12
"Stigma","Connecticut","Explore","Learn",1,142
"Stigma","Missouri","Explore","Learn",2,41
"Stigma","Texas","Explore","Learn",7,124
"Stigma","New York","Explore","Learn",11,70.4166666666667
"Stigma","Alabama","Explore","Learn",2,109.333333333333
"Stigma","Kentucky","Explore","Learn",1,83
"Stigma","Kentucky","Explore","Resource",1,8
"Stigma","Virginia","Explore","Resource",4,1.25
"Stigma","Texas","Explore","Resource",5,3.5
"Stigma","Utah","Explore","Resource",2,8
"Stigma","Alabama","Explore","Resource",4,7
"Stigma","Florida","Explore","Resource",2,7.5
"Stigma","Arizona","Explore","Resource",2,11
"Stigma","Ohio","Explore","Resource",5,17.6666666666667
"Stigma","New York","Explore","Resource",9,75.8888888888889
"Stigma","Illinois","Explore","Resource",2,24.5
"Stigma","Connecticut","Explore","Resource",1,2
"Stigma","California","Explore","Resource",20,8.73333333333333
"Stigma","Colorado","Explore","Resource",7,13.8
"Stigma","Michigan","Explore","Resource",3,17.3333333333333
"Stigma","Georgia","Explore","Resource",3,1.5
"Stigma","Oregon","Explore","Resource",1,5
"Stigma","Maryland","Explore","Resource",1,22
"Stigma","Massachusetts","Explore","Resource",2,60
"Stigma","Indiana","Explore","Resource",1,0
"Stigma","New Jersey","Explore","Resource",1,6
"Stigma","Washington","Explore","Resource",1,18
"Stigma","Pennsylvania","Explore","Resource",1,12
"Stigma","Missouri","Explore","Resource",1,4
"Stigma","Texas","Explore","Resource",3,6.66666666666667
"Stigma","Indiana","Explore","Resource",1,6
"Stigma","Kentucky","Explore","Resource",1,3
"Stigma","California","Explore","Resource",10,13.6666666666667
"Stigma","Arizona","Explore","Resource",2,10
"Stigma","Connecticut","Explore","Resource",1,14
"Stigma","Ohio","Explore","Resource",2,19.5
"Stigma","Utah","Explore","Resource",2,16.5
"Stigma","Massachusetts","Explore","Resource",1,52
"Stigma","Michigan","Explore","Resource",1,27
"Stigma","Missouri","Explore","Resource",1,8
"Stigma","North Carolina","Explore","Resource",1,2
"Stigma","Virginia","Explore","Resource",1,2
"Stigma","Alabama","Explore","Resource",2,4
"Stigma","Illinois","Explore","Resource",5,18.4
"Stigma","New York","Explore","Resource",5,4
"Stigma","Colorado","Explore","Resource",2,1.5
"Stigma","Maryland","Explore","Resource",2,8
"Stigma","New Jersey","Explore","Resource",2,38.5
"Stigma","Virginia","Affirm","Learn",3,9.33333333333333
"Stigma","Texas","Affirm","Learn",3,43.3333333333333
"Stigma","Kentucky","Affirm","Learn",1,22
"Stigma","Florida","Affirm","Learn",1,4
"Stigma","Wisconsin","Affirm","Learn",3,29.3333333333333
"Stigma","California","Affirm","Learn",14,38.5
"Stigma","Missouri","Affirm","Learn",1,47
"Stigma","Connecticut","Affirm","Learn",1,115
"Stigma","Maine","Affirm","Learn",1,44
"Stigma","Colorado","Affirm","Learn",3,14
"Stigma","Ohio","Affirm","Learn",2,79
"Stigma","Washington","Affirm","Learn",1,7
"Stigma","Illinois","Affirm","Learn",8,34.875
"Stigma","Maryland","Affirm","Learn",2,43
"Stigma","Massachusetts","Affirm","Learn",4,218
"Stigma","Michigan","Affirm","Learn",4,77
"Stigma","Arizona","Affirm","Learn",4,48.6666666666667
"Stigma","New York","Affirm","Learn",7,27.4285714285714
"Stigma","Illinois","Affirm","Learn",1,8
"Stigma","California","Affirm","Learn",19,19.8888888888889
"Stigma","Indiana","Affirm","Learn",1,2
"Stigma","Maryland","Affirm","Learn",1,13
"Stigma","Massachusetts","Affirm","Learn",1,42
"Stigma","Connecticut","Affirm","Learn",1,6
"Stigma","Arizona","Affirm","Learn",2,17.5
"Stigma","Colorado","Affirm","Learn",1,5
"Stigma","Missouri","Affirm","Learn",1,3
"Stigma","Michigan","Affirm","Learn",2,14.5
"Stigma","New York","Affirm","Learn",4,165.25
"Stigma","North Carolina","Affirm","Learn",1,14
"Stigma","Alabama","Affirm","Learn",1,2
"Stigma","Ohio","Affirm","Learn",2,9
"Stigma","Florida","Affirm","Learn",2,3
"Stigma","Kentucky","Affirm","Learn",1,3
"Stigma","Virginia","Affirm","Learn",2,10
"Stigma","Texas","Affirm","Learn",4,4
"Stress","Tennessee","","",30,31.08
"Stress","North Carolina","","",77,34.2033898305085
"Stress","Virginia","","",77,23.7678571428571
"Stress","Louisiana","","",16,17.5333333333333
"Stress","Vermont","","",13,25.1818181818182
"Stress","New York","","",331,25.5729927007299
"Stress","Idaho","","",8,40.4285714285714
"Stress","Rhode Island","","",16,27
"Stress","Delaware","","",1,2
"Stress","New Hampshire","","",14,17.5833333333333
"Stress","Washington","","",90,24.3066666666667
"Stress","Michigan","","",116,37.6578947368421
"Stress","Nevada","","",6,11.4
"Stress","Missouri","","",44,17.7894736842105
"Stress","Wisconsin","","",32,17.9666666666667
"Stress","Mississippi","","",4,20.5
"Stress","Illinois","","",278,24.2323232323232
"Stress","Minnesota","","",20,20.8181818181818
"Stress","Kentucky","","",11,24.0909090909091
"Stress","California","","",665,26.228
"Stress","Kansas","","",10,15.875
"Stress","Pennsylvania","","",104,23.3013698630137
"Stress","Maine","","",23,23.8125
"Stress","Maryland","","",46,23.6279069767442
"Stress","Nebraska","","",3,17.6666666666667
"Stress","Alaska","","",5,9.6
"Stress","Florida","","",97,20.056338028169
"Stress","Oklahoma","","",15,17.5
"Stress","Georgia","","",84,31.8405797101449
"Stress","Alabama","","",32,19.7407407407407
"Stress","South Carolina","","",15,22.9230769230769
"Stress","Utah","","",18,23.4117647058824
"Stress","Oregon","","",107,39.1276595744681
"Stress","Indiana","","",34,28.037037037037
"Stress","Arizona","","",60,24.8478260869565
"Stress","Texas","","",164,25.3812949640288
"Stress","New Jersey","","",55,20.5681818181818
"Stress","West Virginia","","",11,19.9166666666667
"Stress","Montana","","",2,24
"Stress","Ohio","","",74,24.6071428571429
"Stress","Wyoming","","",2,10.5
"Stress","Arkansas","","",5,14.1666666666667
"Stress","North Dakota","","",2,5.5
"Stress","New Mexico","","",15,20.3333333333333
"Stress","South Dakota","","",1,19
"Stress","Colorado","","",97,23.8375
"Stress","Hawaii","","",11,20.4
"Stress","Massachusetts","","",102,21.6933333333333
"Stress","Iowa","","",2,4
"Stress","Connecticut","","",24,25.952380952381
"Stress","Ohio","Support","Activity",14,50.8888888888889
"Stress","North Carolina","Support","Activity",26,53.9230769230769
"Stress","Indiana","Support","Activity",9,13
"Stress","Oregon","Support","Activity",20,113.647058823529
"Stress","Iowa","Support","Activity",3,87
"Stress","New Mexico","Support","Activity",9,37.3333333333333
"Stress","Georgia","Support","Activity",12,17.875
"Stress","West Virginia","Support","Activity",6,41.75
"Stress","Arizona","Support","Activity",17,18.0833333333333
"Stress","New York","Support","Activity",69,21.5384615384615
"Stress","Wisconsin","Support","Activity",14,22
"Stress","Texas","Support","Activity",24,10.7777777777778
"Stress","Virginia","Support","Activity",15,15.0909090909091
"Stress","Maryland","Support","Activity",6,12.5
"Stress","Vermont","Support","Activity",1,37
"Stress","Kansas","Support","Activity",3,12
"Stress","New Jersey","Support","Activity",9,24.4444444444444
"Stress","South Dakota","Support","Activity",1,7
"Stress","Kentucky","Support","Activity",7,37.4
"Stress","Missouri","Support","Activity",8,16.7142857142857
"Stress","Louisiana","Support","Activity",0,34
"Stress","California","Support","Activity",158,25.0105263157895
"Stress","Florida","Support","Activity",36,22.0666666666667
"Stress","Nebraska","Support","Activity",2,17
"Stress","Illinois","Support","Activity",44,10.9677419354839
"Stress","Oklahoma","Support","Activity",6,9
"Stress","Tennessee","Support","Activity",9,37
"Stress","Michigan","Support","Activity",24,24.0526315789474
"Stress","Washington","Support","Activity",16,27.5384615384615
"Stress","Massachusetts","Support","Activity",18,75.6153846153846
"Stress","Alabama","Support","Activity",6,24.4
"Stress","Idaho","Support","Activity",1,9
"Stress","Colorado","Support","Activity",15,16.625
"Stress","Mississippi","Support","Activity",2,13
"Stress","Pennsylvania","Support","Activity",34,17.3913043478261
"Stress","Maine","Support","Activity",5,37.6666666666667
"Stress","Rhode Island","Support","Activity",1,9
"Stress","New Hampshire","Support","Activity",4,25.5
"Stress","Arkansas","Support","Activity",5,28.5
"Stress","Utah","Support","Activity",9,15.6666666666667
"Stress","Connecticut","Support","Activity",1,3
"Stress","Oklahoma","Support","Learn",1,7
"Stress","Kansas","Support","Learn",1,10
"Stress","Indiana","Support","Learn",1,9
"Stress","New Hampshire","Support","Learn",2,51.5
"Stress","Illinois","Support","Learn",20,21.2222222222222
"Stress","Rhode Island","Support","Learn",1,10
"Stress","Colorado","Support","Learn",6,28.1666666666667
"Stress","New Mexico","Support","Learn",1,23
"Stress","Hawaii","Support","Learn",1,105
"Stress","California","Support","Learn",70,38.4754098360656
"Stress","Tennessee","Support","Learn",5,40
"Stress","West Virginia","Support","Learn",2,68.5
"Stress","Arizona","Support","Learn",6,38
"Stress","Kentucky","Support","Learn",1,31
"Stress","Utah","Support","Learn",2,23.3333333333333
"Stress","Florida","Support","Learn",9,20.4444444444444
"Stress","Minnesota","Support","Learn",2,10.5
"Stress","Nevada","Support","Learn",1,16
"Stress","Alabama","Support","Learn",2,11
"Stress","Connecticut","Support","Learn",2,24.5
"Stress","Oregon","Support","Learn",11,35.0909090909091
"Stress","New Jersey","Support","Learn",4,21.6666666666667
"Stress","Ohio","Support","Learn",4,24
"Stress","Wisconsin","Support","Learn",6,19.8
"Stress","Idaho","Support","Learn",1,8
"Stress","Texas","Support","Learn",12,46.3846153846154
"Stress","Massachusetts","Support","Learn",7,11
"Stress","South Carolina","Support","Learn",1,56
"Stress","Washington","Support","Learn",4,16.75
"Stress","Maryland","Support","Learn",8,16
"Stress","North Carolina","Support","Learn",7,43.6666666666667
"Stress","Missouri","Support","Learn",5,19
"Stress","Georgia","Support","Learn",6,20.1428571428571
"Stress","Maine","Support","Learn",4,13.25
"Stress","Virginia","Support","Learn",9,32.8571428571429
"Stress","Michigan","Support","Learn",5,32.1666666666667
"Stress","Pennsylvania","Support","Learn",11,85.4444444444444
"Stress","New York","Support","Learn",31,40.448275862069
"Stress","Alabama","Support","Community",2,56.5
"Stress","Nevada","Support","Community",1,0
"Stress","Virginia","Support","Community",5,27
"Stress","Massachusetts","Support","Community",5,47.5
"Stress","New Hampshire","Support","Community",1,117
"Stress","Minnesota","Support","Community",2,37
"Stress","Missouri","Support","Community",1,42
"Stress","Georgia","Support","Community",4,75.75
"Stress","Utah","Support","Community",3,21.75
"Stress","Mississippi","Support","Community",1,1
"Stress","New York","Support","Community",24,71.35
"Stress","Maine","Support","Community",1,12.5
"Stress","West Virginia","Support","Community",1,26
"Stress","Florida","Support","Community",7,26.8
"Stress","Wisconsin","Support","Community",2,33.5
"Stress","Colorado","Support","Community",10,82
"Stress","Arizona","Support","Community",7,91.5
"Stress","Iowa","Support","Community",1,203
"Stress","New Mexico","Support","Community",1,20
"Stress","Connecticut","Support","Community",1,47
"Stress","Pennsylvania","Support","Community",7,106.714285714286
"Stress","North Carolina","Support","Community",7,137.5
"Stress","Texas","Support","Community",8,105.375
"Stress","Idaho","Support","Community",1,28
"Stress","Arkansas","Support","Community",1,65
"Stress","Ohio","Support","Community",4,86.6
"Stress","Oklahoma","Support","Community",1,9
"Stress","Vermont","Support","Community",1,48
"Stress","Washington","Support","Community",9,115.166666666667
"Stress","Michigan","Support","Community",8,61.1428571428571
"Stress","New Jersey","Support","Community",1,6
"Stress","Illinois","Support","Community",31,46.3181818181818
"Stress","Oregon","Support","Community",7,79
"Stress","Maryland","Support","Community",3,43
"Stress","Tennessee","Support","Community",3,131.666666666667
"Stress","California","Support","Community",67,42.1296296296296
"Stress","Missouri","Support","Activity",2,20.5
"Stress","New Jersey","Support","Activity",2,10.5
"Stress","Tennessee","Support","Activity",2,8.5
"Stress","New Mexico","Support","Activity",2,3.5
"Stress","New Hampshire","Support","Activity",1,25
"Stress","Virginia","Support","Activity",4,7.33333333333333
"Stress","Connecticut","Support","Activity",2,6.5
"Stress","Ohio","Support","Activity",4,34.25
"Stress","New York","Support","Activity",13,6.27272727272727
"Stress","Utah","Support","Activity",2,13
"Stress","Oregon","Support","Activity",7,5.57142857142857
"Stress","Maryland","Support","Activity",4,4.75
"Stress","Illinois","Support","Activity",18,23.7857142857143
"Stress","Pennsylvania","Support","Activity",10,7.42857142857143
"Stress","Louisiana","Support","Activity",1,19
"Stress","California","Support","Activity",43,15.0285714285714
"Stress","Massachusetts","Support","Activity",5,11.2
"Stress","Wisconsin","Support","Activity",5,5.2
"Stress","Hawaii","Support","Activity",1,6
"Stress","Washington","Support","Activity",4,5.2
"Stress","North Carolina","Support","Activity",7,9
"Stress","Minnesota","Support","Activity",1,5
"Stress","Kansas","Support","Activity",1,0
"Stress","Oklahoma","Support","Activity",3,12
"Stress","Texas","Support","Activity",5,4.5
"Stress","Alabama","Support","Activity",5,10.6666666666667
"Stress","Colorado","Support","Activity",5,16.2
"Stress","Georgia","Support","Activity",3,5
"Stress","Wyoming","Support","Activity",1,0
"Stress","Vermont","Support","Activity",1,10
"Stress","Arizona","Support","Activity",3,16.6666666666667
"Stress","Indiana","Support","Activity",1,9
"Stress","Florida","Support","Activity",6,9.5
"Stress","Michigan","Support","Activity",6,25.2
"Stress","Missouri","Support","Activity",2,33.5
"Stress","Tennessee","Support","Activity",2,197
"Stress","Oregon","Support","Activity",6,44.3333333333333
"Stress","Minnesota","Support","Activity",1,25
"Stress","Virginia","Support","Activity",2,51.5
"Stress","Vermont","Support","Activity",2,44
"Stress","North Carolina","Support","Activity",3,12.3333333333333
"Stress","Nevada","Support","Activity",0,13
"Stress","Colorado","Support","Activity",5,22
"Stress","Maine","Support","Activity",2,112.5
"Stress","Ohio","Support","Activity",2,16.5
"Stress","New York","Support","Activity",7,11.8333333333333
"Stress","Illinois","Support","Activity",15,29.2727272727273
"Stress","Texas","Support","Activity",4,75.6
"Stress","Oklahoma","Support","Activity",1,4
"Stress","Washington","Support","Activity",3,28
"Stress","Arizona","Support","Activity",3,38
"Stress","Michigan","Support","Activity",8,54.3333333333333
"Stress","Pennsylvania","Support","Activity",6,32.3333333333333
"Stress","California","Support","Activity",27,17.28
"Stress","New Hampshire","Support","Activity",2,21.5
"Stress","West Virginia","Support","Activity",1,45
"Stress","New Jersey","Support","Activity",4,11.4
"Stress","Maryland","Support","Activity",3,47.6666666666667
"Stress","Florida","Support","Activity",5,19.5
"Stress","Massachusetts","Support","Activity",2,10.5
"Stress","Georgia","Support","Activity",2,28
"Stress","Wisconsin","Support","Activity",3,13
"Stress","Connecticut","Support","Activity",1,43
"Stress","Michigan","Explore","Learn",12,105
"Stress","Georgia","Explore","Learn",12,78.0833333333333
"Stress","Montana","Explore","Learn",1,201
"Stress","Alabama","Explore","Learn",4,70.5
"Stress","Minnesota","Explore","Learn",4,52.6666666666667
"Stress","New York","Explore","Learn",30,36.68
"Stress","Massachusetts","Explore","Learn",12,135.777777777778
"Stress","Arizona","Explore","Learn",6,44.5714285714286
"Stress","Indiana","Explore","Learn",5,163.25
"Stress","New Hampshire","Explore","Learn",2,55
"Stress","Tennessee","Explore","Learn",4,54.75
"Stress","Missouri","Explore","Learn",5,125
"Stress","Connecticut","Explore","Learn",4,19.3333333333333
"Stress","Virginia","Explore","Learn",3,87.6666666666667
"Stress","Oregon","Explore","Learn",7,83.6666666666667
"Stress","Colorado","Explore","Learn",10,101.888888888889
"Stress","Wisconsin","Explore","Learn",2,67.5
"Stress","Pennsylvania","Explore","Learn",11,51.4166666666667
"Stress","Illinois","Explore","Learn",22,47.3684210526316
"Stress","Washington","Explore","Learn",8,26.3333333333333
"Stress","Texas","Explore","Learn",16,34.3846153846154
"Stress","Maine","Explore","Learn",1,14.5
"Stress","Hawaii","Explore","Learn",2,0
"Stress","California","Explore","Learn",66,43.9565217391304
"Stress","North Carolina","Explore","Learn",6,507.8
"Stress","Oklahoma","Explore","Learn",3,64
"Stress","Rhode Island","Explore","Learn",2,13
"Stress","New Jersey","Explore","Learn",9,43
"Stress","Florida","Explore","Learn",15,35.0666666666667
"Stress","Maryland","Explore","Learn",2,10
"Stress","Idaho","Explore","Learn",2,28
"Stress","Ohio","Explore","Learn",9,76
"Stress","California","Explore","Activity",45,23.5
"Stress","Michigan","Explore","Activity",5,42.6
"Stress","Massachusetts","Explore","Activity",7,31.2857142857143
"Stress","Colorado","Explore","Activity",7,46.5
"Stress","Wisconsin","Explore","Activity",3,20.5
"Stress","Pennsylvania","Explore","Activity",7,21
"Stress","Montana","Explore","Activity",4,43
"Stress","New Jersey","Explore","Activity",4,5.5
"Stress","Texas","Explore","Activity",10,16
"Stress","New York","Explore","Activity",18,11
"Stress","Missouri","Explore","Activity",5,22
"Stress","Minnesota","Explore","Activity",1,19
"Stress","Florida","Explore","Activity",7,17.2857142857143
"Stress","Georgia","Explore","Activity",9,11.875
"Stress","Washington","Explore","Activity",3,23
"Stress","New Hampshire","Explore","Activity",2,42
"Stress","North Carolina","Explore","Activity",5,103.333333333333
"Stress","Ohio","Explore","Activity",6,24.6666666666667
"Stress","Illinois","Explore","Activity",10,18
"Stress","Maryland","Explore","Activity",3,3.66666666666667
"Stress","Arizona","Explore","Activity",6,30.5
"Stress","Virginia","Explore","Activity",2,16
"Stress","Tennessee","Explore","Activity",3,31
"Stress","Oregon","Explore","Activity",3,14
"Stress","Alabama","Explore","Activity",2,59.5
"Stress","Oklahoma","Explore","Activity",3,9.33333333333333
"Stress","South Carolina","Explore","Activity",1,3
"Stress","Indiana","Explore","Activity",3,321
"Stress","California","Explore","Resource",26,73.2222222222222
"Stress","Illinois","Explore","Resource",12,40.25
"Stress","Tennessee","Explore","Resource",3,16.3333333333333
"Stress","New York","Explore","Resource",4,8
"Stress","Wisconsin","Explore","Resource",1,60
"Stress","Oklahoma","Explore","Resource",1,55
"Stress","Georgia","Explore","Resource",3,87.6666666666667
"Stress","Minnesota","Explore","Resource",1,58
"Stress","Michigan","Explore","Resource",2,98.5
"Stress","Texas","Explore","Resource",7,41.3333333333333
"Stress","Arizona","Explore","Resource",7,10.75
"Stress","Pennsylvania","Explore","Resource",3,88.3333333333333
"Stress","Maryland","Explore","Resource",1,16
"Stress","New Jersey","Explore","Resource",2,83.5
"Stress","Colorado","Explore","Resource",3,34
"Stress","Missouri","Explore","Resource",3,31
"Stress","Florida","Explore","Resource",1,10
"Stress","Massachusetts","Explore","Resource",12,58.5
"Stress","Ohio","Explore","Resource",3,117
"Stress","Oregon","Explore","Resource",2,64.5
"Stress","Connecticut","Explore","Resource",1,103
"Stress","New Hampshire","Explore","Resource",2,45
"Stress","Virginia","Explore","Resource",1,12
"Stress","North Carolina","Explore","Resource",2,21.5
"Stress","Washington","Explore","Resource",2,79.5
"Stress","New York","Explore","Activity",5,5
"Stress","Michigan","Explore","Activity",5,14.3333333333333
"Stress","California","Explore","Activity",31,15.4705882352941
"Stress","Florida","Explore","Activity",2,4
"Stress","Virginia","Explore","Activity",1,26
"Stress","Oregon","Explore","Activity",2,47
"Stress","Pennsylvania","Explore","Activity",4,9
"Stress","New Jersey","Explore","Activity",1,5
"Stress","Georgia","Explore","Activity",3,8.33333333333333
"Stress","Illinois","Explore","Activity",5,39.3333333333333
"Stress","Texas","Explore","Activity",2,3
"Stress","Colorado","Explore","Activity",4,11
"Stress","Oklahoma","Explore","Activity",1,4
"Stress","Wisconsin","Explore","Activity",2,12
"Stress","Massachusetts","Explore","Activity",4,6.75
"Stress","Missouri","Explore","Activity",2,2
"Stress","New Hampshire","Explore","Activity",1,0
"Stress","Ohio","Explore","Activity",3,12.5
"Stress","Washington","Explore","Activity",2,17
"Stress","North Carolina","Explore","Activity",3,151
"Stress","Rhode Island","Affirm","Resource",1,63
"Stress","Pennsylvania","Affirm","Resource",2,172.5
"Stress","Missouri","Affirm","Resource",1,61
"Stress","Maryland","Affirm","Resource",1,16
"Stress","Connecticut","Affirm","Resource",1,8
"Stress","Georgia","Affirm","Resource",3,44
"Stress","South Carolina","Affirm","Resource",2,82
"Stress","New York","Affirm","Resource",10,42.4
"Stress","New Jersey","Affirm","Resource",9,55.8571428571429
"Stress","North Carolina","Affirm","Resource",1,88
"Stress","Michigan","Affirm","Resource",7,101.166666666667
"Stress","Arizona","Affirm","Resource",2,0
"Stress","Oregon","Affirm","Resource",4,109.8
"Stress","California","Affirm","Resource",25,57.55
"Stress","Florida","Affirm","Resource",2,111
"Stress","Washington","Affirm","Resource",4,66
"Stress","Illinois","Affirm","Resource",6,165
"Stress","Colorado","Affirm","Resource",4,182.75
"Stress","Vermont","Affirm","Resource",1,60
"Stress","Maine","Affirm","Resource",1,33
"Stress","Ohio","Affirm","Resource",10,69.6666666666667
"Stress","West Virginia","Affirm","Resource",2,44.5
"Stress","Alabama","Affirm","Resource",2,473
"Stress","Virginia","Affirm","Resource",2,30.3333333333333
"Stress","Texas","Affirm","Resource",4,123
"Stress","Wisconsin","Affirm","Resource",1,67
"Stress","Massachusetts","Affirm","Resource",5,83.5
"Stress","Oklahoma","Affirm","Resource",1,111
"Stress","New Hampshire","Affirm","Resource",1,110
"Stress","New York","Affirm","Resource",8,56.1428571428571
"Stress","North Carolina","Affirm","Resource",1,45
"Stress","Indiana","Affirm","Resource",1,27
"Stress","Colorado","Affirm","Resource",2,108.5
"Stress","New Jersey","Affirm","Resource",2,146
"Stress","Wisconsin","Affirm","Resource",2,61.5
"Stress","Illinois","Affirm","Resource",6,43.8
"Stress","Missouri","Affirm","Resource",1,38
"Stress","Michigan","Affirm","Resource",2,127.5
"Stress","Washington","Affirm","Resource",3,324
"Stress","Georgia","Affirm","Resource",2,93
"Stress","Connecticut","Affirm","Resource",1,22
"Stress","Ohio","Affirm","Resource",3,351
"Stress","Florida","Affirm","Resource",2,36
"Stress","Massachusetts","Affirm","Resource",4,185.25
"Stress","Arizona","Affirm","Resource",1,29
"Stress","Oklahoma","Affirm","Resource",1,85
"Stress","Oregon","Affirm","Resource",1,84
"Stress","Wyoming","Affirm","Resource",1,53
"Stress","Virginia","Affirm","Resource",1,11
"Stress","Texas","Affirm","Resource",4,50.25
"Stress","California","Affirm","Resource",17,48.25
"Stress","Colorado","Affirm","Resource",2,259
"Stress","Oklahoma","Affirm","Resource",2,1
"Stress","Ohio","Affirm","Resource",4,74
"Stress","Wisconsin","Affirm","Resource",1,18
"Stress","New York","Affirm","Resource",4,58.75
"Stress","Connecticut","Affirm","Resource",2,7.5
"Stress","Virginia","Affirm","Resource",1,17
"Stress","Michigan","Affirm","Resource",3,140
"Stress","Arizona","Affirm","Resource",2,0
"Stress","Texas","Affirm","Resource",1,3
"Stress","Illinois","Affirm","Resource",5,47.75
"Stress","New Jersey","Affirm","Resource",2,579
"Stress","Pennsylvania","Affirm","Resource",1,80
"Stress","California","Affirm","Resource",11,39.7777777777778
"Stress","Rhode Island","Affirm","Resource",1,125
"Stress","Washington","Affirm","Resource",3,34.3333333333333
"Stress","Massachusetts","Affirm","Resource",3,181
"Stress","Oregon","Affirm","Resource",2,40.5
"Stress","West Virginia","Affirm","Resource",0,67
"Stress","Georgia","Affirm","Resource",1,117
"Stress","Maine","Affirm","Resource",1,16
"Stress","Missouri","Affirm","Resource",1,36
"Stress","Illinois","Affirm","Resource",13,53.1666666666667
"Stress","Colorado","Affirm","Resource",3,38.6666666666667
"Stress","North Carolina","Affirm","Resource",2,32
"Stress","Indiana","Affirm","Resource",1,30
"Stress","Minnesota","Affirm","Resource",2,0
"Stress","New York","Affirm","Resource",11,13.9
"Stress","Georgia","Affirm","Resource",5,28.6
"Stress","Virginia","Affirm","Resource",1,12
"Stress","Oregon","Affirm","Resource",1,32
"Stress","West Virginia","Affirm","Resource",1,35
"Stress","Michigan","Affirm","Resource",4,85.6666666666667
"Stress","Florida","Affirm","Resource",1,0
"Stress","California","Affirm","Resource",9,122.333333333333
"Stress","Connecticut","Affirm","Resource",1,14
"Stress","New Jersey","Affirm","Resource",1,21
"Stress","Missouri","Affirm","Resource",1,20
"Stress","Hawaii","Affirm","Resource",1,17
"Stress","Texas","Affirm","Resource",1,50
"Stress","Massachusetts","Affirm","Resource",4,337.333333333333
"Stress","Ohio","Affirm","Resource",1,16
"Stress","Arizona","Affirm","Resource",1,17
"Stress","Washington","Affirm","Resource",4,40
